Model,Accuracy,Precision,Recall,F1-Score
Logistic Regression,0.9333333333333333,0.9,0.9333333333333333,0.9111111111111111
SVM,0.8,0.7222222222222221,0.8,0.7444444444444444
KNN,0.9333333333333333,0.9,0.9333333333333333,0.9111111111111111
Random Forest,0.9333333333333333,0.9,0.9333333333333333,0.9111111111111111
VotingClassifier_Full,0.9333333333333333,0.9,0.9333333333333333,0.9111111111111111
AdaBoostClassifier,0.9333333333333333,0.9,0.9333333333333333,0.9111111111111111
